rank,uid,title,year,venue,url,problem_claimed,actual_mechanism,hidden_assumptions,variables_treated_as_fixed,failure_modes_ignored,what_it_makes_less_novel,what_it_leaves_open
1,doi:10.21203/rs.3.rs-9082476/v1,Systematic evaluation of single-cell foundation model interpretability reveals attention captures co-expression rather than unique regulatory signal,,,https://doi.org/10.21203/rs.3.rs-9082476/v1,Addresses robot foundation model efficiency or a neighboring robotics mechanism.,"Prior work usually predicts, ranks, filters, or imitates observed behavior rather than preserving unrealized branches.",The observed outcome is enough to supervise the model.,"Contact mode support, embodiment limits, and deployment perturbations.","Branch collapse, hidden-mode shift, and tail-risk planning failures.",Generic world models and generic uncertainty are crowded.,Embodied attention budgeting keeps action-critical alternatives explicit until a physical observation collapses them.
2,arxiv:2604.07430v1,HY-Embodied-0.5: Embodied Foundation Models for Real-World Agents,2026,arXiv,http://arxiv.org/abs/2604.07430v1,Addresses robot foundation model efficiency or a neighboring robotics mechanism.,"Prior work usually predicts, ranks, filters, or imitates observed behavior rather than preserving unrealized branches.",The observed outcome is enough to supervise the model.,"Contact mode support, embodiment limits, and deployment perturbations.","Branch collapse, hidden-mode shift, and tail-risk planning failures.",Generic world models and generic uncertainty are crowded.,Embodied attention budgeting keeps action-critical alternatives explicit until a physical observation collapses them.
3,doi:10.1145/3717059,"Embodied Intelligence: A Synergy of Morphology, Action, Perception and Learning",2025,ACM Computing Surveys,https://doi.org/10.1145/3717059,Addresses robot foundation model efficiency or a neighboring robotics mechanism.,"Prior work usually predicts, ranks, filters, or imitates observed behavior rather than preserving unrealized branches.",The observed outcome is enough to supervise the model.,"Contact mode support, embodiment limits, and deployment perturbations.","Branch collapse, hidden-mode shift, and tail-risk planning failures.",Generic world models and generic uncertainty are crowded.,Embodied attention budgeting keeps action-critical alternatives explicit until a physical observation collapses them.
4,arxiv:2512.00797v1,Transforming Monolithic Foundation Models into Embodied Multi-Agent Architectures for Human-Robot Collaboration,2025,arXiv,http://arxiv.org/abs/2512.00797v1,Addresses robot foundation model efficiency or a neighboring robotics mechanism.,"Prior work usually predicts, ranks, filters, or imitates observed behavior rather than preserving unrealized branches.",The observed outcome is enough to supervise the model.,"Contact mode support, embodiment limits, and deployment perturbations.","Branch collapse, hidden-mode shift, and tail-risk planning failures.",Generic world models and generic uncertainty are crowded.,Embodied attention budgeting keeps action-critical alternatives explicit until a physical observation collapses them.
5,doi:10.48550/arxiv.2407.06886,Aligning Cyber Space with Physical World: A Comprehensive Survey on Embodied AI,2024,arXiv (Cornell University),https://doi.org/10.48550/arxiv.2407.06886,Addresses robot foundation model efficiency or a neighboring robotics mechanism.,"Prior work usually predicts, ranks, filters, or imitates observed behavior rather than preserving unrealized branches.",The observed outcome is enough to supervise the model.,"Contact mode support, embodiment limits, and deployment perturbations.","Branch collapse, hidden-mode shift, and tail-risk planning failures.",Generic world models and generic uncertainty are crowded.,Embodied attention budgeting keeps action-critical alternatives explicit until a physical observation collapses them.
6,doi:10.3390/electronics15030689,Embodied Visual Perception for Driver Fatigue Monitoring Systems: A Hierarchical Decoupling Framework for Robust Fatigue Detection and Scenario Understanding,2026,Electronics,https://doi.org/10.3390/electronics15030689,Addresses robot foundation model efficiency or a neighboring robotics mechanism.,"Prior work usually predicts, ranks, filters, or imitates observed behavior rather than preserving unrealized branches.",The observed outcome is enough to supervise the model.,"Contact mode support, embodiment limits, and deployment perturbations.","Branch collapse, hidden-mode shift, and tail-risk planning failures.",Generic world models and generic uncertainty are crowded.,Embodied attention budgeting keeps action-critical alternatives explicit until a physical observation collapses them.
7,doi:10.66967/jaics.2026.v2i103,Multimodal AI: PaLM-E’s Role in Vision–Language–Robotics & the Future of Efficient Fine-Tuning,2026,Journal of Artificial Intelligence & Control Systems,https://doi.org/10.66967/jaics.2026.v2i103,Addresses robot foundation model efficiency or a neighboring robotics mechanism.,"Prior work usually predicts, ranks, filters, or imitates observed behavior rather than preserving unrealized branches.",The observed outcome is enough to supervise the model.,"Contact mode support, embodiment limits, and deployment perturbations.","Branch collapse, hidden-mode shift, and tail-risk planning failures.",Generic world models and generic uncertainty are crowded.,Embodied attention budgeting keeps action-critical alternatives explicit until a physical observation collapses them.
8,doi:10.24963/ijcai.2025/1168,A Comprehensive Survey on Physical Risk Control in the Era of Foundation Model-enabled Robotics,2025,Proceedings of the Thirty-Fourth International Joint Conference on Artificial Intelligence,https://doi.org/10.24963/ijcai.2025/1168,Addresses robot foundation model efficiency or a neighboring robotics mechanism.,"Prior work usually predicts, ranks, filters, or imitates observed behavior rather than preserving unrealized branches.",The observed outcome is enough to supervise the model.,"Contact mode support, embodiment limits, and deployment perturbations.","Branch collapse, hidden-mode shift, and tail-risk planning failures.",Generic world models and generic uncertainty are crowded.,Embodied attention budgeting keeps action-critical alternatives explicit until a physical observation collapses them.
9,arxiv:2604.03956v2,VLA-Forget: Vision-Language-Action Unlearning for Embodied Foundation Models,2026,arXiv,http://arxiv.org/abs/2604.03956v2,Addresses robot foundation model efficiency or a neighboring robotics mechanism.,"Prior work usually predicts, ranks, filters, or imitates observed behavior rather than preserving unrealized branches.",The observed outcome is enough to supervise the model.,"Contact mode support, embodiment limits, and deployment perturbations.","Branch collapse, hidden-mode shift, and tail-risk planning failures.",Generic world models and generic uncertainty are crowded.,Embodied attention budgeting keeps action-critical alternatives explicit until a physical observation collapses them.
10,arxiv:2407.06886v8,Aligning Cyber Space with Physical World: A Comprehensive Survey on Embodied AI,2024,arXiv,http://arxiv.org/abs/2407.06886v8,Addresses robot foundation model efficiency or a neighboring robotics mechanism.,"Prior work usually predicts, ranks, filters, or imitates observed behavior rather than preserving unrealized branches.",The observed outcome is enough to supervise the model.,"Contact mode support, embodiment limits, and deployment perturbations.","Branch collapse, hidden-mode shift, and tail-risk planning failures.",Generic world models and generic uncertainty are crowded.,Embodied attention budgeting keeps action-critical alternatives explicit until a physical observation collapses them.
11,doi:10.3390/robotics15030055,Embodied AI with Foundation Models for Mobile Service Robots: A Systematic Review,2025,arXiv,http://arxiv.org/abs/2505.20503v2,Addresses robot foundation model efficiency or a neighboring robotics mechanism.,"Prior work usually predicts, ranks, filters, or imitates observed behavior rather than preserving unrealized branches.",The observed outcome is enough to supervise the model.,"Contact mode support, embodiment limits, and deployment perturbations.","Branch collapse, hidden-mode shift, and tail-risk planning failures.",Generic world models and generic uncertainty are crowded.,Embodied attention budgeting keeps action-critical alternatives explicit until a physical observation collapses them.
12,arxiv:2605.27582v1,Uni-LaViRA: Language-Vision-Robot Actions Translation for Unified Embodied Navigation,2026,arXiv,http://arxiv.org/abs/2605.27582v1,Addresses robot foundation model efficiency or a neighboring robotics mechanism.,"Prior work usually predicts, ranks, filters, or imitates observed behavior rather than preserving unrealized branches.",The observed outcome is enough to supervise the model.,"Contact mode support, embodiment limits, and deployment perturbations.","Branch collapse, hidden-mode shift, and tail-risk planning failures.",Generic world models and generic uncertainty are crowded.,Embodied attention budgeting keeps action-critical alternatives explicit until a physical observation collapses them.
13,doi:10.24963/ijcai.2024/1168,A Comprehensive Survey on Physical Risk Control in the Era of Foundation Model-enabled Robotics,2024,Proceedings of the Thirty-ThirdInternational Joint Conference on Artificial Intelligence,https://doi.org/10.24963/ijcai.2024/1168,Addresses robot foundation model efficiency or a neighboring robotics mechanism.,"Prior work usually predicts, ranks, filters, or imitates observed behavior rather than preserving unrealized branches.",The observed outcome is enough to supervise the model.,"Contact mode support, embodiment limits, and deployment perturbations.","Branch collapse, hidden-mode shift, and tail-risk planning failures.",Generic world models and generic uncertainty are crowded.,Embodied attention budgeting keeps action-critical alternatives explicit until a physical observation collapses them.
14,doi:10.1163/22134468-bja10127,Meditation-Like States of Attention and Time Perception: Longer Productions in Deeper and More Embodied States,2025,Timing & Time Perception,https://doi.org/10.1163/22134468-bja10127,Addresses robot foundation model efficiency or a neighboring robotics mechanism.,"Prior work usually predicts, ranks, filters, or imitates observed behavior rather than preserving unrealized branches.",The observed outcome is enough to supervise the model.,"Contact mode support, embodiment limits, and deployment perturbations.","Branch collapse, hidden-mode shift, and tail-risk planning failures.",Generic world models and generic uncertainty are crowded.,Embodied attention budgeting keeps action-critical alternatives explicit until a physical observation collapses them.
15,arxiv:2606.11324v1,Embodied-R1.5: Evolving Physical Intelligence via Embodied Foundation Models,2026,arXiv,http://arxiv.org/abs/2606.11324v1,Addresses robot foundation model efficiency or a neighboring robotics mechanism.,"Prior work usually predicts, ranks, filters, or imitates observed behavior rather than preserving unrealized branches.",The observed outcome is enough to supervise the model.,"Contact mode support, embodiment limits, and deployment perturbations.","Branch collapse, hidden-mode shift, and tail-risk planning failures.",Generic world models and generic uncertainty are crowded.,Embodied attention budgeting keeps action-critical alternatives explicit until a physical observation collapses them.
16,arxiv:2508.15201v2,Survey of Vision-Language-Action Models for Embodied Manipulation,2025,arXiv,http://arxiv.org/abs/2508.15201v2,Addresses robot foundation model efficiency or a neighboring robotics mechanism.,"Prior work usually predicts, ranks, filters, or imitates observed behavior rather than preserving unrealized branches.",The observed outcome is enough to supervise the model.,"Contact mode support, embodiment limits, and deployment perturbations.","Branch collapse, hidden-mode shift, and tail-risk planning failures.",Generic world models and generic uncertainty are crowded.,Embodied attention budgeting keeps action-critical alternatives explicit until a physical observation collapses them.
17,arxiv:2603.12193v1,SaPaVe: Towards Active Perception and Manipulation in Vision-Language-Action Models for Robotics,2026,arXiv,http://arxiv.org/abs/2603.12193v1,Addresses robot foundation model efficiency or a neighboring robotics mechanism.,"Prior work usually predicts, ranks, filters, or imitates observed behavior rather than preserving unrealized branches.",The observed outcome is enough to supervise the model.,"Contact mode support, embodiment limits, and deployment perturbations.","Branch collapse, hidden-mode shift, and tail-risk planning failures.",Generic world models and generic uncertainty are crowded.,Embodied attention budgeting keeps action-critical alternatives explicit until a physical observation collapses them.
18,doi:10.66279/292sm294,Vision Language Action Models for Embodied Intelligence A Structured Taxonomy Critical Analysis and Future Research Directions,2026,Computational Discovery and Intelligent Systems (CDIS),https://doi.org/10.66279/292sm294,Addresses robot foundation model efficiency or a neighboring robotics mechanism.,"Prior work usually predicts, ranks, filters, or imitates observed behavior rather than preserving unrealized branches.",The observed outcome is enough to supervise the model.,"Contact mode support, embodiment limits, and deployment perturbations.","Branch collapse, hidden-mode shift, and tail-risk planning failures.",Generic world models and generic uncertainty are crowded.,Embodied attention budgeting keeps action-critical alternatives explicit until a physical observation collapses them.
19,doi:10.3390/s26010165,Cross-Modality Alignment Perception and Multi-Head Self-Attention Mechanism for Vision-Language-Action of Humanoid Robot,2025,Sensors,https://doi.org/10.3390/s26010165,Addresses robot foundation model efficiency or a neighboring robotics mechanism.,"Prior work usually predicts, ranks, filters, or imitates observed behavior rather than preserving unrealized branches.",The observed outcome is enough to supervise the model.,"Contact mode support, embodiment limits, and deployment perturbations.","Branch collapse, hidden-mode shift, and tail-risk planning failures.",Generic world models and generic uncertainty are crowded.,Embodied attention budgeting keeps action-critical alternatives explicit until a physical observation collapses them.
20,arxiv:2511.15279v2,"Look, Zoom, Understand: The Robotic Eyeball for Embodied Perception",2025,arXiv,http://arxiv.org/abs/2511.15279v2,Addresses robot foundation model efficiency or a neighboring robotics mechanism.,"Prior work usually predicts, ranks, filters, or imitates observed behavior rather than preserving unrealized branches.",The observed outcome is enough to supervise the model.,"Contact mode support, embodiment limits, and deployment perturbations.","Branch collapse, hidden-mode shift, and tail-risk planning failures.",Generic world models and generic uncertainty are crowded.,Embodied attention budgeting keeps action-critical alternatives explicit until a physical observation collapses them.
21,doi:10.24963/ijcai.2025/1190,Generative Multi-Agent Collaboration in Embodied AI: A Systematic Review,2025,Proceedings of the Thirty-Fourth International Joint Conference on Artificial Intelligence,https://doi.org/10.24963/ijcai.2025/1190,Addresses robot foundation model efficiency or a neighboring robotics mechanism.,"Prior work usually predicts, ranks, filters, or imitates observed behavior rather than preserving unrealized branches.",The observed outcome is enough to supervise the model.,"Contact mode support, embodiment limits, and deployment perturbations.","Branch collapse, hidden-mode shift, and tail-risk planning failures.",Generic world models and generic uncertainty are crowded.,Embodied attention budgeting keeps action-critical alternatives explicit until a physical observation collapses them.
22,title:look zoom understand the robotic eyeball for embodied perception,"Look, Zoom, Understand: The Robotic Eyeball for Embodied Perception",2025,ArXiv.org,https://openalex.org/W7106475635,Addresses robot foundation model efficiency or a neighboring robotics mechanism.,"Prior work usually predicts, ranks, filters, or imitates observed behavior rather than preserving unrealized branches.",The observed outcome is enough to supervise the model.,"Contact mode support, embodiment limits, and deployment perturbations.","Branch collapse, hidden-mode shift, and tail-risk planning failures.",Generic world models and generic uncertainty are crowded.,Embodied attention budgeting keeps action-critical alternatives explicit until a physical observation collapses them.
23,arxiv:2506.01844v1,SmolVLA: A Vision-Language-Action Model for Affordable and Efficient Robotics,2025,arXiv,http://arxiv.org/abs/2506.01844v1,Addresses robot foundation model efficiency or a neighboring robotics mechanism.,"Prior work usually predicts, ranks, filters, or imitates observed behavior rather than preserving unrealized branches.",The observed outcome is enough to supervise the model.,"Contact mode support, embodiment limits, and deployment perturbations.","Branch collapse, hidden-mode shift, and tail-risk planning failures.",Generic world models and generic uncertainty are crowded.,Embodied attention budgeting keeps action-critical alternatives explicit until a physical observation collapses them.
24,doi:10.1101/2025.05.01.651643,Towards Unraveling Biomolecular Conformational Landscapes with a Generative Foundation Model,,,https://doi.org/10.1101/2025.05.01.651643,Addresses robot foundation model efficiency or a neighboring robotics mechanism.,"Prior work usually predicts, ranks, filters, or imitates observed behavior rather than preserving unrealized branches.",The observed outcome is enough to supervise the model.,"Contact mode support, embodiment limits, and deployment perturbations.","Branch collapse, hidden-mode shift, and tail-risk planning failures.",Generic world models and generic uncertainty are crowded.,Embodied attention budgeting keeps action-critical alternatives explicit until a physical observation collapses them.
25,arxiv:1808.10654v1,Gibson Env: Real-World Perception for Embodied Agents,2018,arXiv,http://arxiv.org/abs/1808.10654v1,Addresses robot foundation model efficiency or a neighboring robotics mechanism.,"Prior work usually predicts, ranks, filters, or imitates observed behavior rather than preserving unrealized branches.",The observed outcome is enough to supervise the model.,"Contact mode support, embodiment limits, and deployment perturbations.","Branch collapse, hidden-mode shift, and tail-risk planning failures.",Generic world models and generic uncertainty are crowded.,Embodied attention budgeting keeps action-critical alternatives explicit until a physical observation collapses them.
26,doi:10.21203/rs.3.rs-5540665/v1,EARBench: Towards Evaluating Physical Risk Awareness for Task Planning of Foundation Model-based Embodied AI Agents,,,https://doi.org/10.21203/rs.3.rs-5540665/v1,Addresses robot foundation model efficiency or a neighboring robotics mechanism.,"Prior work usually predicts, ranks, filters, or imitates observed behavior rather than preserving unrealized branches.",The observed outcome is enough to supervise the model.,"Contact mode support, embodiment limits, and deployment perturbations.","Branch collapse, hidden-mode shift, and tail-risk planning failures.",Generic world models and generic uncertainty are crowded.,Embodied attention budgeting keeps action-critical alternatives explicit until a physical observation collapses them.
27,doi:10.1108/ir-06-2025-0222,Generalizable dual-arm fabric folding via parallel multiresolution attention,2026,Industrial Robot: the international journal of robotics research and application,https://doi.org/10.1108/ir-06-2025-0222,Addresses robot foundation model efficiency or a neighboring robotics mechanism.,"Prior work usually predicts, ranks, filters, or imitates observed behavior rather than preserving unrealized branches.",The observed outcome is enough to supervise the model.,"Contact mode support, embodiment limits, and deployment perturbations.","Branch collapse, hidden-mode shift, and tail-risk planning failures.",Generic world models and generic uncertainty are crowded.,Embodied attention budgeting keeps action-critical alternatives explicit until a physical observation collapses them.
28,doi:10.54254/2755-2721/2025.ast27134,Integrating Motion Planning in Vision Language Action Agents,2025,Applied and Computational Engineering,https://doi.org/10.54254/2755-2721/2025.ast27134,Addresses robot foundation model efficiency or a neighboring robotics mechanism.,"Prior work usually predicts, ranks, filters, or imitates observed behavior rather than preserving unrealized branches.",The observed outcome is enough to supervise the model.,"Contact mode support, embodiment limits, and deployment perturbations.","Branch collapse, hidden-mode shift, and tail-risk planning failures.",Generic world models and generic uncertainty are crowded.,Embodied attention budgeting keeps action-critical alternatives explicit until a physical observation collapses them.
29,doi:10.36227/techrxiv.176106902.20394622/v1,Exploring the Future of Robotics through Physics Informed Vision Based Foundations,,,https://doi.org/10.36227/techrxiv.176106902.20394622/v1,Addresses robot foundation model efficiency or a neighboring robotics mechanism.,"Prior work usually predicts, ranks, filters, or imitates observed behavior rather than preserving unrealized branches.",The observed outcome is enough to supervise the model.,"Contact mode support, embodiment limits, and deployment perturbations.","Branch collapse, hidden-mode shift, and tail-risk planning failures.",Generic world models and generic uncertainty are crowded.,Embodied attention budgeting keeps action-critical alternatives explicit until a physical observation collapses them.
30,arxiv:2605.12090v1,World Action Models: The Next Frontier in Embodied AI,2026,arXiv,http://arxiv.org/abs/2605.12090v1,Addresses robot foundation model efficiency or a neighboring robotics mechanism.,"Prior work usually predicts, ranks, filters, or imitates observed behavior rather than preserving unrealized branches.",The observed outcome is enough to supervise the model.,"Contact mode support, embodiment limits, and deployment perturbations.","Branch collapse, hidden-mode shift, and tail-risk planning failures.",Generic world models and generic uncertainty are crowded.,Embodied attention budgeting keeps action-critical alternatives explicit until a physical observation collapses them.
31,arxiv:2603.04363v1,ManipulationNet: An Infrastructure for Benchmarking Real-World Robot Manipulation with Physical Skill Challenges and Embodied Multimodal Reasoning,2026,arXiv,http://arxiv.org/abs/2603.04363v1,Addresses robot foundation model efficiency or a neighboring robotics mechanism.,"Prior work usually predicts, ranks, filters, or imitates observed behavior rather than preserving unrealized branches.",The observed outcome is enough to supervise the model.,"Contact mode support, embodiment limits, and deployment perturbations.","Branch collapse, hidden-mode shift, and tail-risk planning failures.",Generic world models and generic uncertainty are crowded.,Embodied attention budgeting keeps action-critical alternatives explicit until a physical observation collapses them.
32,doi:10.1609/aaai.v40i22.38910,TTF-VLA: Temporal Token Fusion via Pixel-Attention Integration for Vision-Language-Action Models,2026,Proceedings of the AAAI Conference on Artificial Intelligence,https://doi.org/10.1609/aaai.v40i22.38910,Addresses robot foundation model efficiency or a neighboring robotics mechanism.,"Prior work usually predicts, ranks, filters, or imitates observed behavior rather than preserving unrealized branches.",The observed outcome is enough to supervise the model.,"Contact mode support, embodiment limits, and deployment perturbations.","Branch collapse, hidden-mode shift, and tail-risk planning failures.",Generic world models and generic uncertainty are crowded.,Embodied attention budgeting keeps action-critical alternatives explicit until a physical observation collapses them.
33,arxiv:2510.17439v3,From Spatial to Actions: Grounding Vision-Language-Action Model in Spatial Foundation Priors,2025,arXiv,http://arxiv.org/abs/2510.17439v3,Addresses robot foundation model efficiency or a neighboring robotics mechanism.,"Prior work usually predicts, ranks, filters, or imitates observed behavior rather than preserving unrealized branches.",The observed outcome is enough to supervise the model.,"Contact mode support, embodiment limits, and deployment perturbations.","Branch collapse, hidden-mode shift, and tail-risk planning failures.",Generic world models and generic uncertainty are crowded.,Embodied attention budgeting keeps action-critical alternatives explicit until a physical observation collapses them.
34,doi:10.24963/ijcai.2024/1190,Generative Multi-Agent Collaboration in Embodied AI: A Systematic Review,2024,Proceedings of the Thirty-ThirdInternational Joint Conference on Artificial Intelligence,https://doi.org/10.24963/ijcai.2024/1190,Addresses robot foundation model efficiency or a neighboring robotics mechanism.,"Prior work usually predicts, ranks, filters, or imitates observed behavior rather than preserving unrealized branches.",The observed outcome is enough to supervise the model.,"Contact mode support, embodiment limits, and deployment perturbations.","Branch collapse, hidden-mode shift, and tail-risk planning failures.",Generic world models and generic uncertainty are crowded.,Embodied attention budgeting keeps action-critical alternatives explicit until a physical observation collapses them.
35,doi:10.1093/jamiaopen/ooaf122,ECG-FM: an open electrocardiogram foundation model,2025,JAMIA Open,https://doi.org/10.1093/jamiaopen/ooaf122,Addresses robot foundation model efficiency or a neighboring robotics mechanism.,"Prior work usually predicts, ranks, filters, or imitates observed behavior rather than preserving unrealized branches.",The observed outcome is enough to supervise the model.,"Contact mode support, embodiment limits, and deployment perturbations.","Branch collapse, hidden-mode shift, and tail-risk planning failures.",Generic world models and generic uncertainty are crowded.,Embodied attention budgeting keeps action-critical alternatives explicit until a physical observation collapses them.
36,doi:10.3389/fnbot.2026.1846108,Research on embodied agent multimodal perception and real-time path planning algorithms for complex unstructured environments,2026,Frontiers in Neurorobotics,https://doi.org/10.3389/fnbot.2026.1846108,Addresses robot foundation model efficiency or a neighboring robotics mechanism.,"Prior work usually predicts, ranks, filters, or imitates observed behavior rather than preserving unrealized branches.",The observed outcome is enough to supervise the model.,"Contact mode support, embodiment limits, and deployment perturbations.","Branch collapse, hidden-mode shift, and tail-risk planning failures.",Generic world models and generic uncertainty are crowded.,Embodied attention budgeting keeps action-critical alternatives explicit until a physical observation collapses them.
37,doi:10.54254/2755-2721/2025.tj22524,Vision-Language Model Security in Autonomous Driving: A Survey,2025,Applied and Computational Engineering,https://doi.org/10.54254/2755-2721/2025.tj22524,Addresses robot foundation model efficiency or a neighboring robotics mechanism.,"Prior work usually predicts, ranks, filters, or imitates observed behavior rather than preserving unrealized branches.",The observed outcome is enough to supervise the model.,"Contact mode support, embodiment limits, and deployment perturbations.","Branch collapse, hidden-mode shift, and tail-risk planning failures.",Generic world models and generic uncertainty are crowded.,Embodied attention budgeting keeps action-critical alternatives explicit until a physical observation collapses them.
38,doi:10.36227/techrxiv.176834711.13392229/v1,FALCON++: Enabling Elastic Efficiency and Robust Perception for High-Resolution Multimodal Large Language Model via Visual Registers,,,https://doi.org/10.36227/techrxiv.176834711.13392229/v1,Addresses robot foundation model efficiency or a neighboring robotics mechanism.,"Prior work usually predicts, ranks, filters, or imitates observed behavior rather than preserving unrealized branches.",The observed outcome is enough to supervise the model.,"Contact mode support, embodiment limits, and deployment perturbations.","Branch collapse, hidden-mode shift, and tail-risk planning failures.",Generic world models and generic uncertainty are crowded.,Embodied attention budgeting keeps action-critical alternatives explicit until a physical observation collapses them.
39,arxiv:2507.00917v3,A Survey: Learning Embodied Intelligence from Physical Simulators and World Models,2025,arXiv,http://arxiv.org/abs/2507.00917v3,Addresses robot foundation model efficiency or a neighboring robotics mechanism.,"Prior work usually predicts, ranks, filters, or imitates observed behavior rather than preserving unrealized branches.",The observed outcome is enough to supervise the model.,"Contact mode support, embodiment limits, and deployment perturbations.","Branch collapse, hidden-mode shift, and tail-risk planning failures.",Generic world models and generic uncertainty are crowded.,Embodied attention budgeting keeps action-critical alternatives explicit until a physical observation collapses them.
40,arxiv:2603.13647v1,PLUME: Building a Network-Native Foundation Model for Wireless Traces via Protocol-Aware Tokenization,2026,arXiv,http://arxiv.org/abs/2603.13647v1,Addresses robot foundation model efficiency or a neighboring robotics mechanism.,"Prior work usually predicts, ranks, filters, or imitates observed behavior rather than preserving unrealized branches.",The observed outcome is enough to supervise the model.,"Contact mode support, embodiment limits, and deployment perturbations.","Branch collapse, hidden-mode shift, and tail-risk planning failures.",Generic world models and generic uncertainty are crowded.,Embodied attention budgeting keeps action-critical alternatives explicit until a physical observation collapses them.
41,doi:10.1145/3747393.3747399,Integrating Vision Foundation Models with Reinforcement Learning for Enhanced Object Interaction,2025,arXiv,http://arxiv.org/abs/2508.05838v1,Addresses robot foundation model efficiency or a neighboring robotics mechanism.,"Prior work usually predicts, ranks, filters, or imitates observed behavior rather than preserving unrealized branches.",The observed outcome is enough to supervise the model.,"Contact mode support, embodiment limits, and deployment perturbations.","Branch collapse, hidden-mode shift, and tail-risk planning failures.",Generic world models and generic uncertainty are crowded.,Embodied attention budgeting keeps action-critical alternatives explicit until a physical observation collapses them.
42,arxiv:2605.30280v2,"Qwen-VLA: Unifying Vision-Language-Action Modeling across Tasks, Environments, and Robot Embodiments",2026,arXiv,http://arxiv.org/abs/2605.30280v2,Addresses robot foundation model efficiency or a neighboring robotics mechanism.,"Prior work usually predicts, ranks, filters, or imitates observed behavior rather than preserving unrealized branches.",The observed outcome is enough to supervise the model.,"Contact mode support, embodiment limits, and deployment perturbations.","Branch collapse, hidden-mode shift, and tail-risk planning failures.",Generic world models and generic uncertainty are crowded.,Embodied attention budgeting keeps action-critical alternatives explicit until a physical observation collapses them.
43,doi:10.1016/j.ijhcs.2006.05.002,"Are physically embodied social agents better than disembodied social agents?: The effects of physical embodiment, tactile interaction, and people's loneliness in human–robot interaction",2006,International Journal of Human-Computer Studies,https://doi.org/10.1016/j.ijhcs.2006.05.002,Addresses robot foundation model efficiency or a neighboring robotics mechanism.,"Prior work usually predicts, ranks, filters, or imitates observed behavior rather than preserving unrealized branches.",The observed outcome is enough to supervise the model.,"Contact mode support, embodiment limits, and deployment perturbations.","Branch collapse, hidden-mode shift, and tail-risk planning failures.",Generic world models and generic uncertainty are crowded.,Embodied attention budgeting keeps action-critical alternatives explicit until a physical observation collapses them.
44,doi:10.1088/1757-899x/1343/1/012015,In-Situ Learning in Drones: Rethinking Embodied Intelligence Without Sim-to-Real,2026,IOP Conference Series: Materials Science and Engineering,https://doi.org/10.1088/1757-899x/1343/1/012015,Addresses robot foundation model efficiency or a neighboring robotics mechanism.,"Prior work usually predicts, ranks, filters, or imitates observed behavior rather than preserving unrealized branches.",The observed outcome is enough to supervise the model.,"Contact mode support, embodiment limits, and deployment perturbations.","Branch collapse, hidden-mode shift, and tail-risk planning failures.",Generic world models and generic uncertainty are crowded.,Embodied attention budgeting keeps action-critical alternatives explicit until a physical observation collapses them.
45,doi:10.3390/robotics10020071,Multirobot Confidence and Behavior Modeling: An Evaluation of Semiautonomous Task Performance and Efficiency,2021,Robotics,https://doi.org/10.3390/robotics10020071,Addresses robot foundation model efficiency or a neighboring robotics mechanism.,"Prior work usually predicts, ranks, filters, or imitates observed behavior rather than preserving unrealized branches.",The observed outcome is enough to supervise the model.,"Contact mode support, embodiment limits, and deployment perturbations.","Branch collapse, hidden-mode shift, and tail-risk planning failures.",Generic world models and generic uncertainty are crowded.,Embodied attention budgeting keeps action-critical alternatives explicit until a physical observation collapses them.
46,doi:10.1177/02783649241281508,"Foundation models in robotics: Applications, challenges, and the future",2025,The International Journal of Robotics Research,https://doi.org/10.1177/02783649241281508,Addresses robot foundation model efficiency or a neighboring robotics mechanism.,"Prior work usually predicts, ranks, filters, or imitates observed behavior rather than preserving unrealized branches.",The observed outcome is enough to supervise the model.,"Contact mode support, embodiment limits, and deployment perturbations.","Branch collapse, hidden-mode shift, and tail-risk planning failures.",Generic world models and generic uncertainty are crowded.,Embodied attention budgeting keeps action-critical alternatives explicit until a physical observation collapses them.
47,doi:10.1016/j.aei.2026.104370,Physics-informed embodied intelligence in the foundation model era: Advancing robot manipulation for smart manufacturing,2026,Advanced Engineering Informatics,https://doi.org/10.1016/j.aei.2026.104370,Addresses robot foundation model efficiency or a neighboring robotics mechanism.,"Prior work usually predicts, ranks, filters, or imitates observed behavior rather than preserving unrealized branches.",The observed outcome is enough to supervise the model.,"Contact mode support, embodiment limits, and deployment perturbations.","Branch collapse, hidden-mode shift, and tail-risk planning failures.",Generic world models and generic uncertainty are crowded.,Embodied attention budgeting keeps action-critical alternatives explicit until a physical observation collapses them.
48,doi:10.1101/2020.02.08.938514,Linear Embodied Saliency: a Model of Full-Body Kinematics-based Visual Attention,,,https://doi.org/10.1101/2020.02.08.938514,Addresses robot foundation model efficiency or a neighboring robotics mechanism.,"Prior work usually predicts, ranks, filters, or imitates observed behavior rather than preserving unrealized branches.",The observed outcome is enough to supervise the model.,"Contact mode support, embodiment limits, and deployment perturbations.","Branch collapse, hidden-mode shift, and tail-risk planning failures.",Generic world models and generic uncertainty are crowded.,Embodied attention budgeting keeps action-critical alternatives explicit until a physical observation collapses them.
49,doi:10.1145/3807941,How do Naturalistic Visuo-Auditory Cues Guide Human Attention? Insights from Systematic Explorations in Visual Perception of Embodied Multimodal Interaction,2026,ACM Transactions on Applied Perception,https://doi.org/10.1145/3807941,Addresses robot foundation model efficiency or a neighboring robotics mechanism.,"Prior work usually predicts, ranks, filters, or imitates observed behavior rather than preserving unrealized branches.",The observed outcome is enough to supervise the model.,"Contact mode support, embodiment limits, and deployment perturbations.","Branch collapse, hidden-mode shift, and tail-risk planning failures.",Generic world models and generic uncertainty are crowded.,Embodied attention budgeting keeps action-critical alternatives explicit until a physical observation collapses them.
50,doi:10.3390/buildings14092814,Experimental Study on the Failure Mechanism of Finned Pile Foundation under Horizontal Cyclic Loads,2024,Buildings,https://doi.org/10.3390/buildings14092814,Addresses robot foundation model efficiency or a neighboring robotics mechanism.,"Prior work usually predicts, ranks, filters, or imitates observed behavior rather than preserving unrealized branches.",The observed outcome is enough to supervise the model.,"Contact mode support, embodiment limits, and deployment perturbations.","Branch collapse, hidden-mode shift, and tail-risk planning failures.",Generic world models and generic uncertainty are crowded.,Embodied attention budgeting keeps action-critical alternatives explicit until a physical observation collapses them.
51,arxiv:2604.11174v1,"EmbodiedGovBench: A Benchmark for Governance, Recovery, and Upgrade Safety in Embodied Agent Systems",2026,arXiv,http://arxiv.org/abs/2604.11174v1,Addresses robot foundation model efficiency or a neighboring robotics mechanism.,"Prior work usually predicts, ranks, filters, or imitates observed behavior rather than preserving unrealized branches.",The observed outcome is enough to supervise the model.,"Contact mode support, embodiment limits, and deployment perturbations.","Branch collapse, hidden-mode shift, and tail-risk planning failures.",Generic world models and generic uncertainty are crowded.,Embodied attention budgeting keeps action-critical alternatives explicit until a physical observation collapses them.
52,doi:10.62311/nesx/rb-978-81-971242-5-9,Robotic Futures: Engineering the Next Wave of Intelligent Machines,2024,,https://doi.org/10.62311/nesx/rb-978-81-971242-5-9,Addresses robot foundation model efficiency or a neighboring robotics mechanism.,"Prior work usually predicts, ranks, filters, or imitates observed behavior rather than preserving unrealized branches.",The observed outcome is enough to supervise the model.,"Contact mode support, embodiment limits, and deployment perturbations.","Branch collapse, hidden-mode shift, and tail-risk planning failures.",Generic world models and generic uncertainty are crowded.,Embodied attention budgeting keeps action-critical alternatives explicit until a physical observation collapses them.
53,doi:10.1109/icra55743.2025.11127651,Uncertainty-Guided Enhancement on Driving Perception System Via Foundation Models,2025,2025 IEEE International Conference on Robotics and Automation (ICRA),https://doi.org/10.1109/icra55743.2025.11127651,Addresses robot foundation model efficiency or a neighboring robotics mechanism.,"Prior work usually predicts, ranks, filters, or imitates observed behavior rather than preserving unrealized branches.",The observed outcome is enough to supervise the model.,"Contact mode support, embodiment limits, and deployment perturbations.","Branch collapse, hidden-mode shift, and tail-risk planning failures.",Generic world models and generic uncertainty are crowded.,Embodied attention budgeting keeps action-critical alternatives explicit until a physical observation collapses them.
54,doi:10.24963/ijcai.2024/766,Boost Embodied AI Models with Robust Compression Boundary,2024,,https://doi.org/10.24963/ijcai.2024/766,Addresses robot foundation model efficiency or a neighboring robotics mechanism.,"Prior work usually predicts, ranks, filters, or imitates observed behavior rather than preserving unrealized branches.",The observed outcome is enough to supervise the model.,"Contact mode support, embodiment limits, and deployment perturbations.","Branch collapse, hidden-mode shift, and tail-risk planning failures.",Generic world models and generic uncertainty are crowded.,Embodied attention budgeting keeps action-critical alternatives explicit until a physical observation collapses them.
55,arxiv:2510.26855v1,Leveraging Foundation Models for Enhancing Robot Perception and Action,2025,arXiv,http://arxiv.org/abs/2510.26855v1,Addresses robot foundation model efficiency or a neighboring robotics mechanism.,"Prior work usually predicts, ranks, filters, or imitates observed behavior rather than preserving unrealized branches.",The observed outcome is enough to supervise the model.,"Contact mode support, embodiment limits, and deployment perturbations.","Branch collapse, hidden-mode shift, and tail-risk planning failures.",Generic world models and generic uncertainty are crowded.,Embodied attention budgeting keeps action-critical alternatives explicit until a physical observation collapses them.
56,arxiv:2506.20566v1,HRIBench: Benchmarking Vision-Language Models for Real-Time Human Perception in Human-Robot Interaction,2025,arXiv,http://arxiv.org/abs/2506.20566v1,Addresses robot foundation model efficiency or a neighboring robotics mechanism.,"Prior work usually predicts, ranks, filters, or imitates observed behavior rather than preserving unrealized branches.",The observed outcome is enough to supervise the model.,"Contact mode support, embodiment limits, and deployment perturbations.","Branch collapse, hidden-mode shift, and tail-risk planning failures.",Generic world models and generic uncertainty are crowded.,Embodied attention budgeting keeps action-critical alternatives explicit until a physical observation collapses them.
57,doi:10.1140/epjc/s10052-025-14707-8,Large physics models: towards a collaborative approach with large language models and foundation models,2025,The European Physical Journal C,https://doi.org/10.1140/epjc/s10052-025-14707-8,Addresses robot foundation model efficiency or a neighboring robotics mechanism.,"Prior work usually predicts, ranks, filters, or imitates observed behavior rather than preserving unrealized branches.",The observed outcome is enough to supervise the model.,"Contact mode support, embodiment limits, and deployment perturbations.","Branch collapse, hidden-mode shift, and tail-risk planning failures.",Generic world models and generic uncertainty are crowded.,Embodied attention budgeting keeps action-critical alternatives explicit until a physical observation collapses them.
58,doi:10.3390/jmse12071110,YOLO-Based 3D Perception for UVMS Grasping,2024,Journal of Marine Science and Engineering,https://doi.org/10.3390/jmse12071110,Addresses robot foundation model efficiency or a neighboring robotics mechanism.,"Prior work usually predicts, ranks, filters, or imitates observed behavior rather than preserving unrealized branches.",The observed outcome is enough to supervise the model.,"Contact mode support, embodiment limits, and deployment perturbations.","Branch collapse, hidden-mode shift, and tail-risk planning failures.",Generic world models and generic uncertainty are crowded.,Embodied attention budgeting keeps action-critical alternatives explicit until a physical observation collapses them.
59,doi:10.3390/agronomy15010190,Organic Fertilization Leads to N Limitation Rather than P Limitation in Both Vegetable Soils,2025,Agronomy,https://doi.org/10.3390/agronomy15010190,Addresses robot foundation model efficiency or a neighboring robotics mechanism.,"Prior work usually predicts, ranks, filters, or imitates observed behavior rather than preserving unrealized branches.",The observed outcome is enough to supervise the model.,"Contact mode support, embodiment limits, and deployment perturbations.","Branch collapse, hidden-mode shift, and tail-risk planning failures.",Generic world models and generic uncertainty are crowded.,Embodied attention budgeting keeps action-critical alternatives explicit until a physical observation collapses them.
60,doi:10.3389/fpsyg.2026.1803234,"Perception as self-organizing interaction: embodied cognition, artificial intelligence, and autism",2026,Frontiers in Psychology,https://doi.org/10.3389/fpsyg.2026.1803234,Addresses robot foundation model efficiency or a neighboring robotics mechanism.,"Prior work usually predicts, ranks, filters, or imitates observed behavior rather than preserving unrealized branches.",The observed outcome is enough to supervise the model.,"Contact mode support, embodiment limits, and deployment perturbations.","Branch collapse, hidden-mode shift, and tail-risk planning failures.",Generic world models and generic uncertainty are crowded.,Embodied attention budgeting keeps action-critical alternatives explicit until a physical observation collapses them.
61,doi:10.47772/ijriss.2026.100500368,Bridging Visual System and Embodied Perception,2026,International Journal of Research and Innovation in Social Science,https://doi.org/10.47772/ijriss.2026.100500368,Addresses robot foundation model efficiency or a neighboring robotics mechanism.,"Prior work usually predicts, ranks, filters, or imitates observed behavior rather than preserving unrealized branches.",The observed outcome is enough to supervise the model.,"Contact mode support, embodiment limits, and deployment perturbations.","Branch collapse, hidden-mode shift, and tail-risk planning failures.",Generic world models and generic uncertainty are crowded.,Embodied attention budgeting keeps action-critical alternatives explicit until a physical observation collapses them.
62,doi:10.20944/preprints202510.0649.v1,Physic Grounded Vision Foundation Models for Human Computer Interaction in Embodied Environments,,,https://doi.org/10.20944/preprints202510.0649.v1,Addresses robot foundation model efficiency or a neighboring robotics mechanism.,"Prior work usually predicts, ranks, filters, or imitates observed behavior rather than preserving unrealized branches.",The observed outcome is enough to supervise the model.,"Contact mode support, embodiment limits, and deployment perturbations.","Branch collapse, hidden-mode shift, and tail-risk planning failures.",Generic world models and generic uncertainty are crowded.,Embodied attention budgeting keeps action-critical alternatives explicit until a physical observation collapses them.
63,doi:10.36227/techrxiv.176823151.11578168/v1,Embodied Intelligence in Surgical Robotics: From Perception-Action Loops to Cognitive Collaboration,,,https://doi.org/10.36227/techrxiv.176823151.11578168/v1,Addresses robot foundation model efficiency or a neighboring robotics mechanism.,"Prior work usually predicts, ranks, filters, or imitates observed behavior rather than preserving unrealized branches.",The observed outcome is enough to supervise the model.,"Contact mode support, embodiment limits, and deployment perturbations.","Branch collapse, hidden-mode shift, and tail-risk planning failures.",Generic world models and generic uncertainty are crowded.,Embodied attention budgeting keeps action-critical alternatives explicit until a physical observation collapses them.
64,doi:10.3389/frobt.2017.00060,The Attention Schema Theory: A Foundation for Engineering Artificial Consciousness,2017,Frontiers in Robotics and AI,https://doi.org/10.3389/frobt.2017.00060,Addresses robot foundation model efficiency or a neighboring robotics mechanism.,"Prior work usually predicts, ranks, filters, or imitates observed behavior rather than preserving unrealized branches.",The observed outcome is enough to supervise the model.,"Contact mode support, embodiment limits, and deployment perturbations.","Branch collapse, hidden-mode shift, and tail-risk planning failures.",Generic world models and generic uncertainty are crowded.,Embodied attention budgeting keeps action-critical alternatives explicit until a physical observation collapses them.
65,doi:10.1109/tcpmt.2020.3037328,Mode-Selective Transmission Line—Part I: Theoretical Foundation and Physical Mechanism,2020,"IEEE Transactions on Components, Packaging and Manufacturing Technology",https://doi.org/10.1109/tcpmt.2020.3037328,Addresses robot foundation model efficiency or a neighboring robotics mechanism.,"Prior work usually predicts, ranks, filters, or imitates observed behavior rather than preserving unrealized branches.",The observed outcome is enough to supervise the model.,"Contact mode support, embodiment limits, and deployment perturbations.","Branch collapse, hidden-mode shift, and tail-risk planning failures.",Generic world models and generic uncertainty are crowded.,Embodied attention budgeting keeps action-critical alternatives explicit until a physical observation collapses them.
66,doi:10.1109/humanoids53995.2022.10000153,NaivPhys4RP - Towards Human-like Robot Perception “Physical Reasoning based on Embodied Probabilistic Simulation”,2022,2022 IEEE-RAS 21st International Conference on Humanoid Robots (Humanoids),https://doi.org/10.1109/humanoids53995.2022.10000153,Addresses robot foundation model efficiency or a neighboring robotics mechanism.,"Prior work usually predicts, ranks, filters, or imitates observed behavior rather than preserving unrealized branches.",The observed outcome is enough to supervise the model.,"Contact mode support, embodiment limits, and deployment perturbations.","Branch collapse, hidden-mode shift, and tail-risk planning failures.",Generic world models and generic uncertainty are crowded.,Embodied attention budgeting keeps action-critical alternatives explicit until a physical observation collapses them.
67,doi:10.3389/frobt.2022.733954,Perception is Only Real When Shared: A Mathematical Model for Collaborative Shared Perception in Human-Robot Interaction,2022,Frontiers in Robotics and AI,https://doi.org/10.3389/frobt.2022.733954,Addresses robot foundation model efficiency or a neighboring robotics mechanism.,"Prior work usually predicts, ranks, filters, or imitates observed behavior rather than preserving unrealized branches.",The observed outcome is enough to supervise the model.,"Contact mode support, embodiment limits, and deployment perturbations.","Branch collapse, hidden-mode shift, and tail-risk planning failures.",Generic world models and generic uncertainty are crowded.,Embodied attention budgeting keeps action-critical alternatives explicit until a physical observation collapses them.
68,arxiv:2509.16853v2,ISCS: Parameter-Guided Feature Pruning for Resource-Constrained Embodied Perception,2025,arXiv,http://arxiv.org/abs/2509.16853v2,Addresses robot foundation model efficiency or a neighboring robotics mechanism.,"Prior work usually predicts, ranks, filters, or imitates observed behavior rather than preserving unrealized branches.",The observed outcome is enough to supervise the model.,"Contact mode support, embodiment limits, and deployment perturbations.","Branch collapse, hidden-mode shift, and tail-risk planning failures.",Generic world models and generic uncertainty are crowded.,Embodied attention budgeting keeps action-critical alternatives explicit until a physical observation collapses them.
69,arxiv:2506.07530v2,BitVLA: 1-bit Vision-Language-Action Models for Robotics Manipulation,2025,arXiv,http://arxiv.org/abs/2506.07530v2,Addresses robot foundation model efficiency or a neighboring robotics mechanism.,"Prior work usually predicts, ranks, filters, or imitates observed behavior rather than preserving unrealized branches.",The observed outcome is enough to supervise the model.,"Contact mode support, embodiment limits, and deployment perturbations.","Branch collapse, hidden-mode shift, and tail-risk planning failures.",Generic world models and generic uncertainty are crowded.,Embodied attention budgeting keeps action-critical alternatives explicit until a physical observation collapses them.
70,doi:10.3390/fi12110205,Failure Mode and Effect Analysis for Cyber-Physical Systems,2020,Future Internet,https://doi.org/10.3390/fi12110205,Addresses robot foundation model efficiency or a neighboring robotics mechanism.,"Prior work usually predicts, ranks, filters, or imitates observed behavior rather than preserving unrealized branches.",The observed outcome is enough to supervise the model.,"Contact mode support, embodiment limits, and deployment perturbations.","Branch collapse, hidden-mode shift, and tail-risk planning failures.",Generic world models and generic uncertainty are crowded.,Embodied attention budgeting keeps action-critical alternatives explicit until a physical observation collapses them.
71,doi:10.1073/pnas.0409172102,Attention-driven discrete sampling of motion perception,2005,Proceedings of the National Academy of Sciences,https://doi.org/10.1073/pnas.0409172102,Addresses robot foundation model efficiency or a neighboring robotics mechanism.,"Prior work usually predicts, ranks, filters, or imitates observed behavior rather than preserving unrealized branches.",The observed outcome is enough to supervise the model.,"Contact mode support, embodiment limits, and deployment perturbations.","Branch collapse, hidden-mode shift, and tail-risk planning failures.",Generic world models and generic uncertainty are crowded.,Embodied attention budgeting keeps action-critical alternatives explicit until a physical observation collapses them.
72,doi:10.1016/j.enpol.2013.01.019,Rewarding energy savings rather than energy efficiency: Exploring the concept of a feed-in tariff for energy savings,2013,Energy Policy,https://doi.org/10.1016/j.enpol.2013.01.019,Addresses robot foundation model efficiency or a neighboring robotics mechanism.,"Prior work usually predicts, ranks, filters, or imitates observed behavior rather than preserving unrealized branches.",The observed outcome is enough to supervise the model.,"Contact mode support, embodiment limits, and deployment perturbations.","Branch collapse, hidden-mode shift, and tail-risk planning failures.",Generic world models and generic uncertainty are crowded.,Embodied attention budgeting keeps action-critical alternatives explicit until a physical observation collapses them.
73,doi:10.1109/icocta64736.2024.00039,Adolescence Attention Enhancement based on Generative Music Foundation Model,2024,2024 4th International Conference on Control Theory and Applications (ICoCTA),https://doi.org/10.1109/icocta64736.2024.00039,Addresses robot foundation model efficiency or a neighboring robotics mechanism.,"Prior work usually predicts, ranks, filters, or imitates observed behavior rather than preserving unrealized branches.",The observed outcome is enough to supervise the model.,"Contact mode support, embodiment limits, and deployment perturbations.","Branch collapse, hidden-mode shift, and tail-risk planning failures.",Generic world models and generic uncertainty are crowded.,Embodied attention budgeting keeps action-critical alternatives explicit until a physical observation collapses them.
74,arxiv:2401.12963v2,AutoRT: Embodied Foundation Models for Large Scale Orchestration of Robotic Agents,2024,arXiv,http://arxiv.org/abs/2401.12963v2,Addresses robot foundation model efficiency or a neighboring robotics mechanism.,"Prior work usually predicts, ranks, filters, or imitates observed behavior rather than preserving unrealized branches.",The observed outcome is enough to supervise the model.,"Contact mode support, embodiment limits, and deployment perturbations.","Branch collapse, hidden-mode shift, and tail-risk planning failures.",Generic world models and generic uncertainty are crowded.,Embodied attention budgeting keeps action-critical alternatives explicit until a physical observation collapses them.
75,doi:10.20944/preprints202503.1577.v1,Advancing Transformer Efficiency with Token Pruning,,,https://doi.org/10.20944/preprints202503.1577.v1,Addresses robot foundation model efficiency or a neighboring robotics mechanism.,"Prior work usually predicts, ranks, filters, or imitates observed behavior rather than preserving unrealized branches.",The observed outcome is enough to supervise the model.,"Contact mode support, embodiment limits, and deployment perturbations.","Branch collapse, hidden-mode shift, and tail-risk planning failures.",Generic world models and generic uncertainty are crowded.,Embodied attention budgeting keeps action-critical alternatives explicit until a physical observation collapses them.
76,doi:10.1109/emc68537.2026.11441690,From Perception to Action: A Foundation-Model-Driven Deep Learning Paradigm for Embodied Intelligence,2026,"2026 International Conference on Embedded Systems, Mobile Communication and Computing (EMC²)",https://doi.org/10.1109/emc68537.2026.11441690,Addresses robot foundation model efficiency or a neighboring robotics mechanism.,"Prior work usually predicts, ranks, filters, or imitates observed behavior rather than preserving unrealized branches.",The observed outcome is enough to supervise the model.,"Contact mode support, embodiment limits, and deployment perturbations.","Branch collapse, hidden-mode shift, and tail-risk planning failures.",Generic world models and generic uncertainty are crowded.,Embodied attention budgeting keeps action-critical alternatives explicit until a physical observation collapses them.
77,doi:10.21660/2025.133.5041,MAPPING EXPANSIVE SOILS BASED ON PHYSICAL PARAMETERS FOR FOUNDATION FAILURE RISK IN KUTA,2025,International Journal of GEOMATE,https://doi.org/10.21660/2025.133.5041,Addresses robot foundation model efficiency or a neighboring robotics mechanism.,"Prior work usually predicts, ranks, filters, or imitates observed behavior rather than preserving unrealized branches.",The observed outcome is enough to supervise the model.,"Contact mode support, embodiment limits, and deployment perturbations.","Branch collapse, hidden-mode shift, and tail-risk planning failures.",Generic world models and generic uncertainty are crowded.,Embodied attention budgeting keeps action-critical alternatives explicit until a physical observation collapses them.
78,doi:10.1145/3776734.3794552,Anticipating Safety and Security Risks of Embodied AI: A Multidimensional Risk Framework for Foundation Models in HRI,2026,Companion Proceedings of the 21st ACM/IEEE International Conference on Human-Robot Interaction,https://doi.org/10.1145/3776734.3794552,Addresses robot foundation model efficiency or a neighboring robotics mechanism.,"Prior work usually predicts, ranks, filters, or imitates observed behavior rather than preserving unrealized branches.",The observed outcome is enough to supervise the model.,"Contact mode support, embodiment limits, and deployment perturbations.","Branch collapse, hidden-mode shift, and tail-risk planning failures.",Generic world models and generic uncertainty are crowded.,Embodied attention budgeting keeps action-critical alternatives explicit until a physical observation collapses them.
79,doi:10.1167/9.8.419,"Two views of the world: Active vision, attention, and perception and action loops in real-world interaction",2010,Journal of Vision,https://doi.org/10.1167/9.8.419,Addresses robot foundation model efficiency or a neighboring robotics mechanism.,"Prior work usually predicts, ranks, filters, or imitates observed behavior rather than preserving unrealized branches.",The observed outcome is enough to supervise the model.,"Contact mode support, embodiment limits, and deployment perturbations.","Branch collapse, hidden-mode shift, and tail-risk planning failures.",Generic world models and generic uncertainty are crowded.,Embodied attention budgeting keeps action-critical alternatives explicit until a physical observation collapses them.
80,doi:10.3390/s26103140,Uncertainty-Calibrated Safety Gating for Vision–Language– Action Manipulation Under Domain Shift: Reliability Gains and Intervention–Efficiency Trade-Offs,2026,Sensors,https://doi.org/10.3390/s26103140,Addresses robot foundation model efficiency or a neighboring robotics mechanism.,"Prior work usually predicts, ranks, filters, or imitates observed behavior rather than preserving unrealized branches.",The observed outcome is enough to supervise the model.,"Contact mode support, embodiment limits, and deployment perturbations.","Branch collapse, hidden-mode shift, and tail-risk planning failures.",Generic world models and generic uncertainty are crowded.,Embodied attention budgeting keeps action-critical alternatives explicit until a physical observation collapses them.
81,doi:10.1109/urai.2018.8441825,Embodied social robots trigger gaze following in real-time HRI,2018,,https://doi.org/10.1109/urai.2018.8441825,Addresses robot foundation model efficiency or a neighboring robotics mechanism.,"Prior work usually predicts, ranks, filters, or imitates observed behavior rather than preserving unrealized branches.",The observed outcome is enough to supervise the model.,"Contact mode support, embodiment limits, and deployment perturbations.","Branch collapse, hidden-mode shift, and tail-risk planning failures.",Generic world models and generic uncertainty are crowded.,Embodied attention budgeting keeps action-critical alternatives explicit until a physical observation collapses them.
82,doi:10.1109/icra55743.2025.11128568,Robust Scene Change Detection Using Visual Foundation Models and Cross-Attention Mechanisms,2025,2025 IEEE International Conference on Robotics and Automation (ICRA),https://doi.org/10.1109/icra55743.2025.11128568,Addresses robot foundation model efficiency or a neighboring robotics mechanism.,"Prior work usually predicts, ranks, filters, or imitates observed behavior rather than preserving unrealized branches.",The observed outcome is enough to supervise the model.,"Contact mode support, embodiment limits, and deployment perturbations.","Branch collapse, hidden-mode shift, and tail-risk planning failures.",Generic world models and generic uncertainty are crowded.,Embodied attention budgeting keeps action-critical alternatives explicit until a physical observation collapses them.
83,arxiv:2510.00742v3,How Foundational are Foundation Models for Time Series Forecasting?,2025,arXiv,http://arxiv.org/abs/2510.00742v3,Addresses robot foundation model efficiency or a neighboring robotics mechanism.,"Prior work usually predicts, ranks, filters, or imitates observed behavior rather than preserving unrealized branches.",The observed outcome is enough to supervise the model.,"Contact mode support, embodiment limits, and deployment perturbations.","Branch collapse, hidden-mode shift, and tail-risk planning failures.",Generic world models and generic uncertainty are crowded.,Embodied attention budgeting keeps action-critical alternatives explicit until a physical observation collapses them.
84,arxiv:2507.05333v1,Causal Foundation Models: Disentangling Physics from Instrument Properties,2025,arXiv,http://arxiv.org/abs/2507.05333v1,Addresses robot foundation model efficiency or a neighboring robotics mechanism.,"Prior work usually predicts, ranks, filters, or imitates observed behavior rather than preserving unrealized branches.",The observed outcome is enough to supervise the model.,"Contact mode support, embodiment limits, and deployment perturbations.","Branch collapse, hidden-mode shift, and tail-risk planning failures.",Generic world models and generic uncertainty are crowded.,Embodied attention budgeting keeps action-critical alternatives explicit until a physical observation collapses them.
85,doi:10.1007/s00426-021-01570-x,Physical fatigue and its effect on road crossing decisions: an examination of the embodied perception perspective,2022,Psychological Research,https://doi.org/10.1007/s00426-021-01570-x,Addresses robot foundation model efficiency or a neighboring robotics mechanism.,"Prior work usually predicts, ranks, filters, or imitates observed behavior rather than preserving unrealized branches.",The observed outcome is enough to supervise the model.,"Contact mode support, embodiment limits, and deployment perturbations.","Branch collapse, hidden-mode shift, and tail-risk planning failures.",Generic world models and generic uncertainty are crowded.,Embodied attention budgeting keeps action-critical alternatives explicit until a physical observation collapses them.
86,doi:10.1049/iet-csr.2020.0040,Neural network‐based semantic segmentation model for robot perception of driverless vision,2020,IET Cyber-Systems and Robotics,https://doi.org/10.1049/iet-csr.2020.0040,Addresses robot foundation model efficiency or a neighboring robotics mechanism.,"Prior work usually predicts, ranks, filters, or imitates observed behavior rather than preserving unrealized branches.",The observed outcome is enough to supervise the model.,"Contact mode support, embodiment limits, and deployment perturbations.","Branch collapse, hidden-mode shift, and tail-risk planning failures.",Generic world models and generic uncertainty are crowded.,Embodied attention budgeting keeps action-critical alternatives explicit until a physical observation collapses them.
87,doi:10.26599/bsa.2020.9050012,Embodied tactile perception and learning,2020,Brain Science Advances,https://doi.org/10.26599/bsa.2020.9050012,Addresses robot foundation model efficiency or a neighboring robotics mechanism.,"Prior work usually predicts, ranks, filters, or imitates observed behavior rather than preserving unrealized branches.",The observed outcome is enough to supervise the model.,"Contact mode support, embodiment limits, and deployment perturbations.","Branch collapse, hidden-mode shift, and tail-risk planning failures.",Generic world models and generic uncertainty are crowded.,Embodied attention budgeting keeps action-critical alternatives explicit until a physical observation collapses them.
88,doi:10.1068/i0709jc,Embodied Perception: A Proposal to Reconcile Affordance and Spatial Perception,2015,i-Perception,https://doi.org/10.1068/i0709jc,Addresses robot foundation model efficiency or a neighboring robotics mechanism.,"Prior work usually predicts, ranks, filters, or imitates observed behavior rather than preserving unrealized branches.",The observed outcome is enough to supervise the model.,"Contact mode support, embodiment limits, and deployment perturbations.","Branch collapse, hidden-mode shift, and tail-risk planning failures.",Generic world models and generic uncertainty are crowded.,Embodied attention budgeting keeps action-critical alternatives explicit until a physical observation collapses them.
89,doi:10.1115/1.4066367,Human-to-Robot Attention Transfer for Robot Execution Failure Avoidance Using Stacked Neural Networks,2025,ASME Open Journal of Engineering,https://doi.org/10.1115/1.4066367,Addresses robot foundation model efficiency or a neighboring robotics mechanism.,"Prior work usually predicts, ranks, filters, or imitates observed behavior rather than preserving unrealized branches.",The observed outcome is enough to supervise the model.,"Contact mode support, embodiment limits, and deployment perturbations.","Branch collapse, hidden-mode shift, and tail-risk planning failures.",Generic world models and generic uncertainty are crowded.,Embodied attention budgeting keeps action-critical alternatives explicit until a physical observation collapses them.
90,doi:10.1609/aaai.v40i2.37126,AirCopBench: A Benchmark for Multi-drone Collaborative Embodied Perception and Reasoning,2026,Proceedings of the AAAI Conference on Artificial Intelligence,https://doi.org/10.1609/aaai.v40i2.37126,Addresses robot foundation model efficiency or a neighboring robotics mechanism.,"Prior work usually predicts, ranks, filters, or imitates observed behavior rather than preserving unrealized branches.",The observed outcome is enough to supervise the model.,"Contact mode support, embodiment limits, and deployment perturbations.","Branch collapse, hidden-mode shift, and tail-risk planning failures.",Generic world models and generic uncertainty are crowded.,Embodied attention budgeting keeps action-critical alternatives explicit until a physical observation collapses them.
91,doi:10.1609/aaai.v40i29.39677,Continuous Vision-Language-Action Co-Learning with Semantic-Physical Alignment for Behavioral Cloning,2026,Proceedings of the AAAI Conference on Artificial Intelligence,https://doi.org/10.1609/aaai.v40i29.39677,Addresses robot foundation model efficiency or a neighboring robotics mechanism.,"Prior work usually predicts, ranks, filters, or imitates observed behavior rather than preserving unrealized branches.",The observed outcome is enough to supervise the model.,"Contact mode support, embodiment limits, and deployment perturbations.","Branch collapse, hidden-mode shift, and tail-risk planning failures.",Generic world models and generic uncertainty are crowded.,Embodied attention budgeting keeps action-critical alternatives explicit until a physical observation collapses them.
92,doi:10.3390/s26113541,Sensing the Action: Rethinking Sensor Modalities and Multi-Modal Fusion in Vision–Language–Action Models for Robotic Manipulation,2026,Sensors,https://doi.org/10.3390/s26113541,Addresses robot foundation model efficiency or a neighboring robotics mechanism.,"Prior work usually predicts, ranks, filters, or imitates observed behavior rather than preserving unrealized branches.",The observed outcome is enough to supervise the model.,"Contact mode support, embodiment limits, and deployment perturbations.","Branch collapse, hidden-mode shift, and tail-risk planning failures.",Generic world models and generic uncertainty are crowded.,Embodied attention budgeting keeps action-critical alternatives explicit until a physical observation collapses them.
93,doi:10.3389/frobt.2025.1668910,"A review of embodied intelligence systems: a three-layer framework integrating multimodal perception, world modeling, and structured strategies",2025,Frontiers in Robotics and AI,https://doi.org/10.3389/frobt.2025.1668910,Addresses robot foundation model efficiency or a neighboring robotics mechanism.,"Prior work usually predicts, ranks, filters, or imitates observed behavior rather than preserving unrealized branches.",The observed outcome is enough to supervise the model.,"Contact mode support, embodiment limits, and deployment perturbations.","Branch collapse, hidden-mode shift, and tail-risk planning failures.",Generic world models and generic uncertainty are crowded.,Embodied attention budgeting keeps action-critical alternatives explicit until a physical observation collapses them.
94,arxiv:2508.14160v2,RynnEC: Bringing MLLMs into Embodied World,2025,arXiv,http://arxiv.org/abs/2508.14160v2,Addresses robot foundation model efficiency or a neighboring robotics mechanism.,"Prior work usually predicts, ranks, filters, or imitates observed behavior rather than preserving unrealized branches.",The observed outcome is enough to supervise the model.,"Contact mode support, embodiment limits, and deployment perturbations.","Branch collapse, hidden-mode shift, and tail-risk planning failures.",Generic world models and generic uncertainty are crowded.,Embodied attention budgeting keeps action-critical alternatives explicit until a physical observation collapses them.
95,doi:10.1109/ricai68060.2025.11385306,MHD-Planner: High-Efficiency Motion Planning for Autonomous Driving with Hybrid Mamba-Attention,2025,"2025 7th International Conference on Robotics, Intelligent Control and Artificial Intelligence (RICAI)",https://doi.org/10.1109/ricai68060.2025.11385306,Addresses robot foundation model efficiency or a neighboring robotics mechanism.,"Prior work usually predicts, ranks, filters, or imitates observed behavior rather than preserving unrealized branches.",The observed outcome is enough to supervise the model.,"Contact mode support, embodiment limits, and deployment perturbations.","Branch collapse, hidden-mode shift, and tail-risk planning failures.",Generic world models and generic uncertainty are crowded.,Embodied attention budgeting keeps action-critical alternatives explicit until a physical observation collapses them.
96,doi:10.1109/icra55743.2025.11127927,ASCENT: Autonomous Skill Learning Toward Complex Embodied Tasks With Foundation Models,2025,2025 IEEE International Conference on Robotics and Automation (ICRA),https://doi.org/10.1109/icra55743.2025.11127927,Addresses robot foundation model efficiency or a neighboring robotics mechanism.,"Prior work usually predicts, ranks, filters, or imitates observed behavior rather than preserving unrealized branches.",The observed outcome is enough to supervise the model.,"Contact mode support, embodiment limits, and deployment perturbations.","Branch collapse, hidden-mode shift, and tail-risk planning failures.",Generic world models and generic uncertainty are crowded.,Embodied attention budgeting keeps action-critical alternatives explicit until a physical observation collapses them.
97,doi:10.1167/18.10.1128,Motivated attention in the perception and action of climate change,2018,Journal of Vision,https://doi.org/10.1167/18.10.1128,Addresses robot foundation model efficiency or a neighboring robotics mechanism.,"Prior work usually predicts, ranks, filters, or imitates observed behavior rather than preserving unrealized branches.",The observed outcome is enough to supervise the model.,"Contact mode support, embodiment limits, and deployment perturbations.","Branch collapse, hidden-mode shift, and tail-risk planning failures.",Generic world models and generic uncertainty are crowded.,Embodied attention budgeting keeps action-critical alternatives explicit until a physical observation collapses them.
98,doi:10.1101/2025.06.04.656517,Gener anno : A Genomic Foundation Model for Metagenomic Annotation,,,https://doi.org/10.1101/2025.06.04.656517,Addresses robot foundation model efficiency or a neighboring robotics mechanism.,"Prior work usually predicts, ranks, filters, or imitates observed behavior rather than preserving unrealized branches.",The observed outcome is enough to supervise the model.,"Contact mode support, embodiment limits, and deployment perturbations.","Branch collapse, hidden-mode shift, and tail-risk planning failures.",Generic world models and generic uncertainty are crowded.,Embodied attention budgeting keeps action-critical alternatives explicit until a physical observation collapses them.
99,doi:10.34133/research.0349,Parallel Driving with Big Models and Foundation Intelligence in Cyber–Physical–Social Spaces,2024,Research,https://doi.org/10.34133/research.0349,Addresses robot foundation model efficiency or a neighboring robotics mechanism.,"Prior work usually predicts, ranks, filters, or imitates observed behavior rather than preserving unrealized branches.",The observed outcome is enough to supervise the model.,"Contact mode support, embodiment limits, and deployment perturbations.","Branch collapse, hidden-mode shift, and tail-risk planning failures.",Generic world models and generic uncertainty are crowded.,Embodied attention budgeting keeps action-critical alternatives explicit until a physical observation collapses them.
100,arxiv:2606.00815v1,OmniEEG-Bench: A Standardized Evaluation Benchmark for EEG Foundation Models,2026,arXiv,http://arxiv.org/abs/2606.00815v1,Addresses robot foundation model efficiency or a neighboring robotics mechanism.,"Prior work usually predicts, ranks, filters, or imitates observed behavior rather than preserving unrealized branches.",The observed outcome is enough to supervise the model.,"Contact mode support, embodiment limits, and deployment perturbations.","Branch collapse, hidden-mode shift, and tail-risk planning failures.",Generic world models and generic uncertainty are crowded.,Embodied attention budgeting keeps action-critical alternatives explicit until a physical observation collapses them.
